[
  {
    "Name": "Bicycle",
    "Antecedents": [
      {
        "Name": "num_wheels",
        "Condition": "=",
        "Value": "2"
      },
      {
        "Name": "motor",
        "Condition": "=",
        "Value": "no"
      },
      {
        "Name": "vehicleType",
        "Condition": "=",
        "Value": "cycle"
      }
    ],
    "Conclusion": {
      "Name": "vehicle",
      "Condition": "=",
      "Value": "Bicycle"
    }
  },
  {
    "Name": "Tricycle",
    "Antecedents": [
      {
        "Name": "num_wheels",
        "Condition": "=",
        "Value": "3"
      },
      {
        "Condition": "=",
        "Name": "motor",
        "Value": "no"
      },
      {
        "Condition": "=",
        "Name": "vehicleType",
        "Value": "cycle"
      }
    ],
    "Conclusion": {
      "Condition": "=",
      "Name": "vehicle",
      "Value": "Tricycle"
    }
  },
  {
    "Name": "Motorcycle",
    "Antecedents": [
      {
        "Condition": "=",
        "Name": "num_wheels",
        "Value": "2"
      },
      {
        "Condition": "=",
        "Name": "motor",
        "Value": "yes"
      },
      {
        "Condition": "=",
        "Name": "vehicleType",
        "Value": "cycle"
      }
    ],
    "Conclusion": {
      "Condition": "=",
      "Name": "vehicle",
      "Value": "Motorcycle"
    }
  },
  {
    "Name": "SportsCar",
    "Antecedents": [
      {
        "Condition": "=",
        "Name": "num_doors",
        "Value": "2"
      },
      {
        "Condition": "=",
        "Name": "size",
        "Value": "medium"
      },
      {
        "Condition": "=",
        "Name": "vehicleType",
        "Value": "automobile"
      }
    ],
    "Conclusion": {
      "Condition": "=",
      "Name": "vehicle",
      "Value": "Sports_Car"
    }
  },
  {
    "Name": "Sedan",
    "Antecedents": [
      {
        "Condition": "=",
        "Name": "num_doors",
        "Value": "4"
      },
      {
        "Condition": "=",
        "Name": "size",
        "Value": "medium"
      },
      {
        "Condition": "=",
        "Name": "vehicleType",
        "Value": "automobile"
      }
    ],
    "Conclusion": {
      "Condition": "=",
      "Name": "vehicle",
      "Value": "Sedan"
    }
  },
  {
    "Name": "MiniVan",
    "Antecedents": [
      {
        "Condition": "=",
        "Name": "vehicleType",
        "Value": "automobile"
      },
      {
        "Condition": "=",
        "Name": "num_doors",
        "Value": "3"
      },
      {
        "Condition": "=",
        "Name": "size",
        "Value": "medium"
      }
    ],
    "Conclusion": {
      "Condition": "=",
      "Name": "vehicle",
      "Value": "MiniVan"
    }
  },
  {
    "Name": "SUV",
    "Antecedents": [
      {
        "Condition": "=",
        "Name": "num_doors",
        "Value": "4"
      },
      {
        "Condition": "=",
        "Name": "size",
        "Value": "large"
      },
      {
        "Condition": "=",
        "Name": "vehicleType",
        "Value": "automobile"
      }
    ],
    "Conclusion": {
      "Condition": "=",
      "Name": "vehicle",
      "Value": "SUV"
    }
  },
  {
    "Name": "Cycle",
    "Antecedents": [
      {
        "Condition": "<",
        "Name": "num_wheels",
        "Value": "4"
      }
    ],
    "Conclusion": {
      "Condition": "=",
      "Name": "vehicleType",
      "Value": "cycle"
    }
  },
  {
    "Name": "Automobile",
    "Antecedents": [
      {
        "Name": "num_wheels",
        "Condition": "=",
        "Value": "4"
      },
      {
        "Name": "motor",
        "Condition": "=",
        "Value": "yes"
      }
    ],
    "Conclusion": {
      "Name": "vehicleType",
      "Condition": "=",
      "Value": "automobile"
    }
  }
]


